company_name,career_url
Sigma Technologies Ltd,https://bit.ly/TeamSigmaJobs
Orbital Engineering Inc,https://www.orbitalengineering.com/careers/
Davey Resource Group,https://careers.davey.com/
McLean Engineering,https://www.mcleanengineering.com/careers
POWER Engineers,https://www.powereng.com/careers/
Ulteig,https://www.ulteig.com/careers/
Osmose Utilities Solutions,https://www.osmose.com/careers
Pike Engineering,https://www.pike.com/careers/
Burns & McDonnell,https://careers.burnsmcd.com/
Congruex,https://www.congruex.com/careers/
Pond,https://www.pondco.com/careers/
UtiliQuest,https://www.utiliquest.com/careers/
Michael Baker International,https://mbakerintl.com/careers
HDR Inc,https://www.hdrinc.com/careers
Black & Veatch,https://www.bv.com/careers
TRC Companies,https://careers.trccompanies.com/
GPD Group,https://www.gpdgroup.com/careers/
McCall-Thomas Engineering,https://www.mccallthomas.com/careers
Comal Services,https://comalservices.com/careers/
Inland Engineering Services Inc,https://www.inlandengineering.com/careers
StraightLine (LandStar Utility),https://straightlinellc.com/careers/
Vertex Engineering Services,https://www.vertexeng.com/careers/
All Points Broadband,https://www.allpointsbroadband.com/careers/
Volt Power Group,https://voltpowergroup.com/careers/
NV5 Global,https://www.nv5.com/careers/
POWER Design,https://www.powerdesigninc.com/careers/
Willdan Group,https://www.willdan.com/careers
